id_atribuicao,cpf,code_regiao,code_sexo,code_projeto
1,918.630.725-86,5,1,Aaaa4244
2,897.154.230-60,5,1,Aaaa4244
3,896.730.521-40,5,1,Aaaa4244
4,893.605.721-95,5,1,Aaaa4244
5,820.974.536-00,5,1,Aaaa4244
6,815.493.762-09,5,1,Aaaa4244
7,809.341.526-24,5,1,Aaaa4244
8,796.502.381-40,5,1,Aaaa4244
9,791.453.280-05,5,1,Aaaa4244
10,760.198.342-04,5,1,Aaaa4244
11,630.849.715-01,5,1,Aaaa4244
12,621.985.037-86,5,1,Aaaa4244
13,617.593.042-80,5,1,Aaaa4244
14,610.938.452-60,5,1,Aaaa4244
15,598.406.312-33,5,1,Aaaa4244
16,564.109.378-57,5,1,Aaaa4244
17,495.017.823-79,5,1,Aaaa4244
18,451.609.827-01,5,1,Aaaa4244
19,385.714.690-75,5,1,Aaaa4244
20,159.760.234-52,5,1,Aaaa4244
21,126.390.758-02,5,1,Aaaa4244
22,052.946.371-70,5,1,Aaaa4244
23,042.986.153-24,5,1,Aaaa4244
24,954.703.186-48,5,2,Aaaa4244
25,817.936.024-50,5,2,Aaaa4244
26,762.135.094-61,5,2,Aaaa4244
27,72.386.450-92,5,2,Aaaa4244
28,598.371.026-59,5,2,Aaaa4244
29,528.364.970-92,5,2,Aaaa4244
30,403.217.985-97,5,2,Aaaa4244
31,360.985.421-98,5,2,Aaaa4244
32,207.985.413-50,5,2,Aaaa4244
33,203.496.781-03,5,2,Aaaa4244
34,198.465.327-09,5,2,Aaaa4244
35,158.749.320-97,5,2,Aaaa4244
36,841.923.067-78,4,1,Aaaa4244
37,726.801.935-12,4,1,Aaaa4244
38,697.180.342-69,4,1,Aaaa4244
39,573.429.601-52,4,1,Aaaa4244
40,531.048.697-66,4,1,Aaaa4244
41,297.140.658-01,4,1,Aaaa4244
42,210.839.574-14,4,1,Aaaa4244
43,045.618.792-85,4,1,Aaaa4244
44,831.927.546-64,4,2,Aaaa4244
45,751.032.986-86,4,2,Aaaa4244
46,643.071.852-26,4,2,Aaaa4244
47,587.409.362-10,4,2,Aaaa4244
48,492.601.587-02,4,2,Aaaa4244
49,293.417.680-04,4,2,Aaaa4244
50,935.826.147-19,3,1,Aaaa4244
51,917.324.856-82,3,1,Aaaa4244
52,872.013.469-03,3,1,Aaaa4244
53,826.793.501-03,3,1,Aaaa4244
54,764.310.259-70,3,1,Aaaa4244
55,753.840.219-50,3,1,Aaaa4244
56,736.980.521-21,3,1,Aaaa4244
57,691.725.034-16,3,1,Aaaa4244
58,630.142.958-33,3,1,Aaaa4244
59,580.317.462-90,3,1,Aaaa4244
60,542.309.167-52,3,1,Aaaa4244
61,538.926.071-68,3,1,Aaaa4244
62,473.629.158-37,3,1,Aaaa4244
63,436.051.897-84,3,1,Aaaa4244
64,276.518.309-03,3,1,Aaaa4244
65,258.174.036-17,3,1,Aaaa4244
66,182.645.079-30,3,1,Aaaa4244
67,138.072.695-68,3,1,Aaaa4244
68,019.675.248-58,3,1,Aaaa4244
69,940.261.537-70,3,2,Aaaa4244
70,918.562.370-95,3,2,Aaaa4244
71,834.761.059-20,3,2,Aaaa4244
72,815.423.096-89,3,2,Aaaa4244
73,735.480.126-71,3,2,Aaaa4244
74,680.293.471-03,3,2,Aaaa4244
75,546.301.879-01,3,2,Aaaa4244
76,518.907.236-30,3,2,Aaaa4244
77,478.926.513-73,3,2,Aaaa4244
78,472.103.685-07,3,2,Aaaa4244
79,365.891.720-21,3,2,Aaaa4244
80,217.065.893-95,3,2,Aaaa4244
81,109.358.264-24,3,2,Aaaa4244
82,946.572.380-00,2,1,Aaaa4244
83,791.035.862-86,2,1,Aaaa4244
84,695.127.034-16,2,1,Aaaa4244
85,658.730.214-90,2,1,Aaaa4244
86,582.917.340-97,2,1,Aaaa4244
87,571.890.324-79,2,1,Aaaa4244
88,549.072.318-14,2,1,Aaaa4244
89,486.932.751-19,2,1,Aaaa4244
90,479.516.830-00,2,1,Aaaa4244
91,452.037.891-50,2,1,Aaaa4244
92,438.059.176-00,2,1,Aaaa4244
93,429.763.508-92,2,1,Aaaa4244
94,364.805.971-84,2,1,Aaaa4244
95,273.409.518-14,2,1,Aaaa4244
96,920.164.738-78,2,2,Aaaa4244
97,725.369.401-52,2,2,Aaaa4244
98,704.918.362-87,2,2,Aaaa4244
99,672.305.189-03,2,2,Aaaa4244
100,564.970.813-48,2,2,Aaaa4244
101,246.719.538-46,2,2,Aaaa4244
102,180.967.532-40,2,2,Aaaa4244
103,139.285.670-12,2,2,Aaaa4244
104,071.683.542-80,2,2,Aaaa4244
105,057.162.493-61,2,2,Aaaa4244
106,042.863.917-87,2,2,Aaaa4244
107,705.289.346-00,1,1,Aaaa4244
108,632.150.489-06,1,1,Aaaa4244
109,574.698.210-58,1,1,Aaaa4244
110,516.327.049-43,1,1,Aaaa4244
111,470.268.351-90,1,1,Aaaa4244
112,413.879.265-19,1,1,Aaaa4244
113,375.246.189-64,1,1,Aaaa4244
114,306.784.259-65,1,1,Aaaa4244
115,231.568.947-37,1,1,Aaaa4244
116,950.631.827-12,1,2,Aaaa4244
117,935.741.260-34,1,2,Aaaa4244
118,927.086.435-92,1,2,Aaaa4244
119,609.537.824-92,1,2,Aaaa4244
120,562.710.489-94,1,2,Aaaa4244
121,528.147.036-17,1,2,Aaaa4244
122,396.048.527-10,1,2,Aaaa4244
123,346.758.012-26,1,2,Aaaa4244
124,270.691.548-01,1,2,Aaaa4244
125,260.518.493-51,1,2,Aaaa4244
126,247.016.983-69,1,2,Aaaa4244
127,017.845.629-20,1,2,Aaaa4244
86234,918.630.725-86,5,1,Aaaa4721
86235,897.154.230-60,5,1,Aaaa4721
86236,896.730.521-40,5,1,Aaaa4721
86237,893.605.721-95,5,1,Aaaa4721
86238,820.974.536-00,5,1,Aaaa4721
86239,815.493.762-09,5,1,Aaaa4721
86240,809.341.526-24,5,1,Aaaa4721
86241,796.502.381-40,5,1,Aaaa4721
86242,791.453.280-05,5,1,Aaaa4721
86243,760.198.342-04,5,1,Aaaa4721
86244,630.849.715-01,5,1,Aaaa4721
86245,621.985.037-86,5,1,Aaaa4721
86246,617.593.042-80,5,1,Aaaa4721
86247,610.938.452-60,5,1,Aaaa4721
86248,598.406.312-33,5,1,Aaaa4721
86249,564.109.378-57,5,1,Aaaa4721
86250,495.017.823-79,5,1,Aaaa4721
86251,451.609.827-01,5,1,Aaaa4721
86252,385.714.690-75,5,1,Aaaa4721
86253,159.760.234-52,5,1,Aaaa4721
86254,126.390.758-02,5,1,Aaaa4721
86255,052.946.371-70,5,1,Aaaa4721
86256,042.986.153-24,5,1,Aaaa4721
86257,954.703.186-48,5,2,Aaaa4721
86258,817.936.024-50,5,2,Aaaa4721
86259,762.135.094-61,5,2,Aaaa4721
86260,72.386.450-92,5,2,Aaaa4721
86261,598.371.026-59,5,2,Aaaa4721
86262,528.364.970-92,5,2,Aaaa4721
86263,403.217.985-97,5,2,Aaaa4721
86264,360.985.421-98,5,2,Aaaa4721
86265,207.985.413-50,5,2,Aaaa4721
86266,203.496.781-03,5,2,Aaaa4721
86267,198.465.327-09,5,2,Aaaa4721
86268,158.749.320-97,5,2,Aaaa4721
86269,841.923.067-78,4,1,Aaaa4721
86270,726.801.935-12,4,1,Aaaa4721
86271,697.180.342-69,4,1,Aaaa4721
86272,573.429.601-52,4,1,Aaaa4721
86273,531.048.697-66,4,1,Aaaa4721
86274,297.140.658-01,4,1,Aaaa4721
86275,210.839.574-14,4,1,Aaaa4721
86276,045.618.792-85,4,1,Aaaa4721
86277,831.927.546-64,4,2,Aaaa4721
86278,751.032.986-86,4,2,Aaaa4721
86279,643.071.852-26,4,2,Aaaa4721
86280,587.409.362-10,4,2,Aaaa4721
86281,492.601.587-02,4,2,Aaaa4721
86282,293.417.680-04,4,2,Aaaa4721
86283,935.826.147-19,3,1,Aaaa4721
86284,917.324.856-82,3,1,Aaaa4721
86285,872.013.469-03,3,1,Aaaa4721
86286,826.793.501-03,3,1,Aaaa4721
86287,764.310.259-70,3,1,Aaaa4721
86288,753.840.219-50,3,1,Aaaa4721
86289,736.980.521-21,3,1,Aaaa4721
86290,691.725.034-16,3,1,Aaaa4721
86291,630.142.958-33,3,1,Aaaa4721
86292,580.317.462-90,3,1,Aaaa4721
86293,542.309.167-52,3,1,Aaaa4721
86294,538.926.071-68,3,1,Aaaa4721
86295,473.629.158-37,3,1,Aaaa4721
86296,436.051.897-84,3,1,Aaaa4721
86297,276.518.309-03,3,1,Aaaa4721
86298,258.174.036-17,3,1,Aaaa4721
86299,182.645.079-30,3,1,Aaaa4721
86300,138.072.695-68,3,1,Aaaa4721
86301,019.675.248-58,3,1,Aaaa4721
86302,940.261.537-70,3,2,Aaaa4721
86303,918.562.370-95,3,2,Aaaa4721
86304,834.761.059-20,3,2,Aaaa4721
86305,815.423.096-89,3,2,Aaaa4721
86306,735.480.126-71,3,2,Aaaa4721
86307,680.293.471-03,3,2,Aaaa4721
86308,546.301.879-01,3,2,Aaaa4721
86309,518.907.236-30,3,2,Aaaa4721
86310,478.926.513-73,3,2,Aaaa4721
86311,472.103.685-07,3,2,Aaaa4721
86312,365.891.720-21,3,2,Aaaa4721
86313,217.065.893-95,3,2,Aaaa4721
86314,109.358.264-24,3,2,Aaaa4721
86315,946.572.380-00,2,1,Aaaa4721
86316,791.035.862-86,2,1,Aaaa4721
86317,695.127.034-16,2,1,Aaaa4721
86318,658.730.214-90,2,1,Aaaa4721
86319,582.917.340-97,2,1,Aaaa4721
86320,571.890.324-79,2,1,Aaaa4721
86321,549.072.318-14,2,1,Aaaa4721
86322,486.932.751-19,2,1,Aaaa4721
86323,479.516.830-00,2,1,Aaaa4721
86324,452.037.891-50,2,1,Aaaa4721
86325,438.059.176-00,2,1,Aaaa4721
86326,429.763.508-92,2,1,Aaaa4721
86327,364.805.971-84,2,1,Aaaa4721
86328,273.409.518-14,2,1,Aaaa4721
86329,920.164.738-78,2,2,Aaaa4721
86330,725.369.401-52,2,2,Aaaa4721
86331,704.918.362-87,2,2,Aaaa4721
86332,672.305.189-03,2,2,Aaaa4721
86333,564.970.813-48,2,2,Aaaa4721
86334,246.719.538-46,2,2,Aaaa4721
86335,180.967.532-40,2,2,Aaaa4721
86336,139.285.670-12,2,2,Aaaa4721
86337,071.683.542-80,2,2,Aaaa4721
86338,057.162.493-61,2,2,Aaaa4721
86339,042.863.917-87,2,2,Aaaa4721
86340,705.289.346-00,1,1,Aaaa4721
86341,632.150.489-06,1,1,Aaaa4721
86342,574.698.210-58,1,1,Aaaa4721
86343,516.327.049-43,1,1,Aaaa4721
86344,470.268.351-90,1,1,Aaaa4721
86345,413.879.265-19,1,1,Aaaa4721
86346,375.246.189-64,1,1,Aaaa4721
86347,306.784.259-65,1,1,Aaaa4721
86348,231.568.947-37,1,1,Aaaa4721
86349,950.631.827-12,1,2,Aaaa4721
86350,935.741.260-34,1,2,Aaaa4721
86351,927.086.435-92,1,2,Aaaa4721
86352,609.537.824-92,1,2,Aaaa4721
86353,562.710.489-94,1,2,Aaaa4721
86354,528.147.036-17,1,2,Aaaa4721
86355,396.048.527-10,1,2,Aaaa4721
86356,346.758.012-26,1,2,Aaaa4721
86357,270.691.548-01,1,2,Aaaa4721
86358,260.518.493-51,1,2,Aaaa4721
86359,247.016.983-69,1,2,Aaaa4721
86360,017.845.629-20,1,2,Aaaa4721
63247,918.630.725-86,5,1,AaC162
63248,897.154.230-60,5,1,AaC162
63249,896.730.521-40,5,1,AaC162
63250,893.605.721-95,5,1,AaC162
63251,820.974.536-00,5,1,AaC162
63252,815.493.762-09,5,1,AaC162
63253,809.341.526-24,5,1,AaC162
63254,796.502.381-40,5,1,AaC162
63255,791.453.280-05,5,1,AaC162
63256,760.198.342-04,5,1,AaC162
63257,630.849.715-01,5,1,AaC162
63258,621.985.037-86,5,1,AaC162
63259,617.593.042-80,5,1,AaC162
63260,610.938.452-60,5,1,AaC162
63261,598.406.312-33,5,1,AaC162
63262,564.109.378-57,5,1,AaC162
63263,495.017.823-79,5,1,AaC162
63264,451.609.827-01,5,1,AaC162
63265,385.714.690-75,5,1,AaC162
63266,159.760.234-52,5,1,AaC162
63267,126.390.758-02,5,1,AaC162
63268,052.946.371-70,5,1,AaC162
63269,042.986.153-24,5,1,AaC162
63270,954.703.186-48,5,2,AaC162
63271,817.936.024-50,5,2,AaC162
63272,762.135.094-61,5,2,AaC162
63273,72.386.450-92,5,2,AaC162
63274,598.371.026-59,5,2,AaC162
63275,528.364.970-92,5,2,AaC162
63276,403.217.985-97,5,2,AaC162
63277,360.985.421-98,5,2,AaC162
63278,207.985.413-50,5,2,AaC162
63279,203.496.781-03,5,2,AaC162
63280,198.465.327-09,5,2,AaC162
63281,158.749.320-97,5,2,AaC162
63282,841.923.067-78,4,1,AaC162
63283,726.801.935-12,4,1,AaC162
63284,697.180.342-69,4,1,AaC162
63285,573.429.601-52,4,1,AaC162
63286,531.048.697-66,4,1,AaC162
63287,297.140.658-01,4,1,AaC162
63288,210.839.574-14,4,1,AaC162
63289,045.618.792-85,4,1,AaC162
63290,831.927.546-64,4,2,AaC162
63291,751.032.986-86,4,2,AaC162
63292,643.071.852-26,4,2,AaC162
63293,587.409.362-10,4,2,AaC162
63294,492.601.587-02,4,2,AaC162
63295,293.417.680-04,4,2,AaC162
63296,935.826.147-19,3,1,AaC162
63297,917.324.856-82,3,1,AaC162
63298,872.013.469-03,3,1,AaC162
63299,826.793.501-03,3,1,AaC162
63300,764.310.259-70,3,1,AaC162
63301,753.840.219-50,3,1,AaC162
63302,736.980.521-21,3,1,AaC162
63303,691.725.034-16,3,1,AaC162
63304,630.142.958-33,3,1,AaC162
63305,580.317.462-90,3,1,AaC162
63306,542.309.167-52,3,1,AaC162
63307,538.926.071-68,3,1,AaC162
63308,473.629.158-37,3,1,AaC162
63309,436.051.897-84,3,1,AaC162
63310,276.518.309-03,3,1,AaC162
63311,258.174.036-17,3,1,AaC162
63312,182.645.079-30,3,1,AaC162
63313,138.072.695-68,3,1,AaC162
63314,019.675.248-58,3,1,AaC162
63315,940.261.537-70,3,2,AaC162
63316,918.562.370-95,3,2,AaC162
63317,834.761.059-20,3,2,AaC162
63318,815.423.096-89,3,2,AaC162
63319,735.480.126-71,3,2,AaC162
63320,680.293.471-03,3,2,AaC162
63321,546.301.879-01,3,2,AaC162
63322,518.907.236-30,3,2,AaC162
63323,478.926.513-73,3,2,AaC162
63324,472.103.685-07,3,2,AaC162
63325,365.891.720-21,3,2,AaC162
63326,217.065.893-95,3,2,AaC162
63327,109.358.264-24,3,2,AaC162
63328,946.572.380-00,2,1,AaC162
63329,791.035.862-86,2,1,AaC162
63330,695.127.034-16,2,1,AaC162
63331,658.730.214-90,2,1,AaC162
63332,582.917.340-97,2,1,AaC162
63333,571.890.324-79,2,1,AaC162
63334,549.072.318-14,2,1,AaC162
63335,486.932.751-19,2,1,AaC162
63336,479.516.830-00,2,1,AaC162
63337,452.037.891-50,2,1,AaC162
63338,438.059.176-00,2,1,AaC162
63339,429.763.508-92,2,1,AaC162
63340,364.805.971-84,2,1,AaC162
63341,273.409.518-14,2,1,AaC162
63342,920.164.738-78,2,2,AaC162
63343,725.369.401-52,2,2,AaC162
63344,704.918.362-87,2,2,AaC162
63345,672.305.189-03,2,2,AaC162
63346,564.970.813-48,2,2,AaC162
63347,246.719.538-46,2,2,AaC162
63348,180.967.532-40,2,2,AaC162
63349,139.285.670-12,2,2,AaC162
63350,071.683.542-80,2,2,AaC162
63351,057.162.493-61,2,2,AaC162
63352,042.863.917-87,2,2,AaC162
63353,705.289.346-00,1,1,AaC162
63354,632.150.489-06,1,1,AaC162
63355,574.698.210-58,1,1,AaC162
63356,516.327.049-43,1,1,AaC162
63357,470.268.351-90,1,1,AaC162
63358,413.879.265-19,1,1,AaC162
63359,375.246.189-64,1,1,AaC162
63360,306.784.259-65,1,1,AaC162
63361,231.568.947-37,1,1,AaC162
63362,950.631.827-12,1,2,AaC162
63363,935.741.260-34,1,2,AaC162
63364,927.086.435-92,1,2,AaC162
63365,609.537.824-92,1,2,AaC162
63366,562.710.489-94,1,2,AaC162
63367,528.147.036-17,1,2,AaC162
63368,396.048.527-10,1,2,AaC162
63369,346.758.012-26,1,2,AaC162
63370,270.691.548-01,1,2,AaC162
63371,260.518.493-51,1,2,AaC162
63372,247.016.983-69,1,2,AaC162
63373,017.845.629-20,1,2,AaC162
19305,918.630.725-86,5,1,AaC2829
19306,897.154.230-60,5,1,AaC2829
19307,896.730.521-40,5,1,AaC2829
19308,893.605.721-95,5,1,AaC2829
19309,820.974.536-00,5,1,AaC2829
19310,815.493.762-09,5,1,AaC2829
19311,809.341.526-24,5,1,AaC2829
19312,796.502.381-40,5,1,AaC2829
19313,791.453.280-05,5,1,AaC2829
19314,760.198.342-04,5,1,AaC2829
19315,630.849.715-01,5,1,AaC2829
19316,621.985.037-86,5,1,AaC2829
19317,617.593.042-80,5,1,AaC2829
19318,610.938.452-60,5,1,AaC2829
19319,598.406.312-33,5,1,AaC2829
19320,564.109.378-57,5,1,AaC2829
19321,495.017.823-79,5,1,AaC2829
19322,451.609.827-01,5,1,AaC2829
19323,385.714.690-75,5,1,AaC2829
19324,159.760.234-52,5,1,AaC2829
19325,126.390.758-02,5,1,AaC2829
19326,052.946.371-70,5,1,AaC2829
19327,042.986.153-24,5,1,AaC2829
19328,954.703.186-48,5,2,AaC2829
19329,817.936.024-50,5,2,AaC2829
19330,762.135.094-61,5,2,AaC2829
19331,72.386.450-92,5,2,AaC2829
19332,598.371.026-59,5,2,AaC2829
19333,528.364.970-92,5,2,AaC2829
19334,403.217.985-97,5,2,AaC2829
19335,360.985.421-98,5,2,AaC2829
19336,207.985.413-50,5,2,AaC2829
19337,203.496.781-03,5,2,AaC2829
19338,198.465.327-09,5,2,AaC2829
19339,158.749.320-97,5,2,AaC2829
19340,841.923.067-78,4,1,AaC2829
19341,726.801.935-12,4,1,AaC2829
19342,697.180.342-69,4,1,AaC2829
19343,573.429.601-52,4,1,AaC2829
19344,531.048.697-66,4,1,AaC2829
19345,297.140.658-01,4,1,AaC2829
19346,210.839.574-14,4,1,AaC2829
19347,045.618.792-85,4,1,AaC2829
19348,831.927.546-64,4,2,AaC2829
19349,751.032.986-86,4,2,AaC2829
19350,643.071.852-26,4,2,AaC2829
19351,587.409.362-10,4,2,AaC2829
19352,492.601.587-02,4,2,AaC2829
19353,293.417.680-04,4,2,AaC2829
19354,935.826.147-19,3,1,AaC2829
19355,917.324.856-82,3,1,AaC2829
19356,872.013.469-03,3,1,AaC2829
19357,826.793.501-03,3,1,AaC2829
19358,764.310.259-70,3,1,AaC2829
19359,753.840.219-50,3,1,AaC2829
19360,736.980.521-21,3,1,AaC2829
19361,691.725.034-16,3,1,AaC2829
19362,630.142.958-33,3,1,AaC2829
19363,580.317.462-90,3,1,AaC2829
19364,542.309.167-52,3,1,AaC2829
19365,538.926.071-68,3,1,AaC2829
19366,473.629.158-37,3,1,AaC2829
19367,436.051.897-84,3,1,AaC2829
19368,276.518.309-03,3,1,AaC2829
19369,258.174.036-17,3,1,AaC2829
19370,182.645.079-30,3,1,AaC2829
19371,138.072.695-68,3,1,AaC2829
19372,019.675.248-58,3,1,AaC2829
19373,940.261.537-70,3,2,AaC2829
19374,918.562.370-95,3,2,AaC2829
19375,834.761.059-20,3,2,AaC2829
19376,815.423.096-89,3,2,AaC2829
19377,735.480.126-71,3,2,AaC2829
19378,680.293.471-03,3,2,AaC2829
19379,546.301.879-01,3,2,AaC2829
19380,518.907.236-30,3,2,AaC2829
19381,478.926.513-73,3,2,AaC2829
19382,472.103.685-07,3,2,AaC2829
19383,365.891.720-21,3,2,AaC2829
19384,217.065.893-95,3,2,AaC2829
19385,109.358.264-24,3,2,AaC2829
19386,946.572.380-00,2,1,AaC2829
19387,791.035.862-86,2,1,AaC2829
19388,695.127.034-16,2,1,AaC2829
19389,658.730.214-90,2,1,AaC2829
19390,582.917.340-97,2,1,AaC2829
19391,571.890.324-79,2,1,AaC2829
19392,549.072.318-14,2,1,AaC2829
19393,486.932.751-19,2,1,AaC2829
19394,479.516.830-00,2,1,AaC2829
19395,452.037.891-50,2,1,AaC2829
19396,438.059.176-00,2,1,AaC2829
19397,429.763.508-92,2,1,AaC2829
19398,364.805.971-84,2,1,AaC2829
19399,273.409.518-14,2,1,AaC2829
19400,920.164.738-78,2,2,AaC2829
19401,725.369.401-52,2,2,AaC2829
19402,704.918.362-87,2,2,AaC2829
19403,672.305.189-03,2,2,AaC2829
19404,564.970.813-48,2,2,AaC2829
19405,246.719.538-46,2,2,AaC2829
19406,180.967.532-40,2,2,AaC2829
19407,139.285.670-12,2,2,AaC2829
19408,071.683.542-80,2,2,AaC2829
19409,057.162.493-61,2,2,AaC2829
19410,042.863.917-87,2,2,AaC2829
19411,705.289.346-00,1,1,AaC2829
19412,632.150.489-06,1,1,AaC2829
19413,574.698.210-58,1,1,AaC2829
19414,516.327.049-43,1,1,AaC2829
19415,470.268.351-90,1,1,AaC2829
19416,413.879.265-19,1,1,AaC2829
19417,375.246.189-64,1,1,AaC2829
19418,306.784.259-65,1,1,AaC2829
19419,231.568.947-37,1,1,AaC2829
19420,950.631.827-12,1,2,AaC2829
19421,935.741.260-34,1,2,AaC2829
19422,927.086.435-92,1,2,AaC2829
19423,609.537.824-92,1,2,AaC2829
19424,562.710.489-94,1,2,AaC2829
19425,528.147.036-17,1,2,AaC2829
19426,396.048.527-10,1,2,AaC2829
19427,346.758.012-26,1,2,AaC2829
19428,270.691.548-01,1,2,AaC2829
19429,260.518.493-51,1,2,AaC2829
19430,247.016.983-69,1,2,AaC2829
19431,017.845.629-20,1,2,AaC2829
128,918.630.725-86,5,1,Aacc251
129,897.154.230-60,5,1,Aacc251
130,896.730.521-40,5,1,Aacc251
131,893.605.721-95,5,1,Aacc251
132,820.974.536-00,5,1,Aacc251
133,815.493.762-09,5,1,Aacc251
134,809.341.526-24,5,1,Aacc251
135,796.502.381-40,5,1,Aacc251
136,791.453.280-05,5,1,Aacc251
137,760.198.342-04,5,1,Aacc251
138,630.849.715-01,5,1,Aacc251
139,621.985.037-86,5,1,Aacc251
140,617.593.042-80,5,1,Aacc251
141,610.938.452-60,5,1,Aacc251
142,598.406.312-33,5,1,Aacc251
143,564.109.378-57,5,1,Aacc251
144,495.017.823-79,5,1,Aacc251
145,451.609.827-01,5,1,Aacc251
146,385.714.690-75,5,1,Aacc251
147,159.760.234-52,5,1,Aacc251
148,126.390.758-02,5,1,Aacc251
149,052.946.371-70,5,1,Aacc251
150,042.986.153-24,5,1,Aacc251
151,954.703.186-48,5,2,Aacc251
152,817.936.024-50,5,2,Aacc251
153,762.135.094-61,5,2,Aacc251
154,72.386.450-92,5,2,Aacc251
155,598.371.026-59,5,2,Aacc251
156,528.364.970-92,5,2,Aacc251
157,403.217.985-97,5,2,Aacc251
158,360.985.421-98,5,2,Aacc251
159,207.985.413-50,5,2,Aacc251
160,203.496.781-03,5,2,Aacc251
161,198.465.327-09,5,2,Aacc251
162,158.749.320-97,5,2,Aacc251
163,841.923.067-78,4,1,Aacc251
164,726.801.935-12,4,1,Aacc251
165,697.180.342-69,4,1,Aacc251
166,573.429.601-52,4,1,Aacc251
167,531.048.697-66,4,1,Aacc251
168,297.140.658-01,4,1,Aacc251
169,210.839.574-14,4,1,Aacc251
170,045.618.792-85,4,1,Aacc251
171,831.927.546-64,4,2,Aacc251
172,751.032.986-86,4,2,Aacc251
173,643.071.852-26,4,2,Aacc251
174,587.409.362-10,4,2,Aacc251
175,492.601.587-02,4,2,Aacc251
176,293.417.680-04,4,2,Aacc251
177,935.826.147-19,3,1,Aacc251
178,917.324.856-82,3,1,Aacc251
179,872.013.469-03,3,1,Aacc251
180,826.793.501-03,3,1,Aacc251
181,764.310.259-70,3,1,Aacc251
182,753.840.219-50,3,1,Aacc251
183,736.980.521-21,3,1,Aacc251
184,691.725.034-16,3,1,Aacc251
185,630.142.958-33,3,1,Aacc251
186,580.317.462-90,3,1,Aacc251
187,542.309.167-52,3,1,Aacc251
188,538.926.071-68,3,1,Aacc251
189,473.629.158-37,3,1,Aacc251
190,436.051.897-84,3,1,Aacc251
191,276.518.309-03,3,1,Aacc251
192,258.174.036-17,3,1,Aacc251
193,182.645.079-30,3,1,Aacc251
194,138.072.695-68,3,1,Aacc251
195,019.675.248-58,3,1,Aacc251
196,940.261.537-70,3,2,Aacc251
197,918.562.370-95,3,2,Aacc251
198,834.761.059-20,3,2,Aacc251
199,815.423.096-89,3,2,Aacc251
200,735.480.126-71,3,2,Aacc251
201,680.293.471-03,3,2,Aacc251
202,546.301.879-01,3,2,Aacc251
203,518.907.236-30,3,2,Aacc251
204,478.926.513-73,3,2,Aacc251
205,472.103.685-07,3,2,Aacc251
206,365.891.720-21,3,2,Aacc251
207,217.065.893-95,3,2,Aacc251
208,109.358.264-24,3,2,Aacc251
209,946.572.380-00,2,1,Aacc251
210,791.035.862-86,2,1,Aacc251
211,695.127.034-16,2,1,Aacc251
212,658.730.214-90,2,1,Aacc251
213,582.917.340-97,2,1,Aacc251
214,571.890.324-79,2,1,Aacc251
215,549.072.318-14,2,1,Aacc251
216,486.932.751-19,2,1,Aacc251
217,479.516.830-00,2,1,Aacc251
218,452.037.891-50,2,1,Aacc251
219,438.059.176-00,2,1,Aacc251
220,429.763.508-92,2,1,Aacc251
221,364.805.971-84,2,1,Aacc251
222,273.409.518-14,2,1,Aacc251
223,920.164.738-78,2,2,Aacc251
224,725.369.401-52,2,2,Aacc251
225,704.918.362-87,2,2,Aacc251
226,672.305.189-03,2,2,Aacc251
227,564.970.813-48,2,2,Aacc251
228,246.719.538-46,2,2,Aacc251
229,180.967.532-40,2,2,Aacc251
230,139.285.670-12,2,2,Aacc251
231,071.683.542-80,2,2,Aacc251
232,057.162.493-61,2,2,Aacc251
233,042.863.917-87,2,2,Aacc251
234,705.289.346-00,1,1,Aacc251
235,632.150.489-06,1,1,Aacc251
236,574.698.210-58,1,1,Aacc251
237,516.327.049-43,1,1,Aacc251
238,470.268.351-90,1,1,Aacc251
239,413.879.265-19,1,1,Aacc251
240,375.246.189-64,1,1,Aacc251
241,306.784.259-65,1,1,Aacc251
242,231.568.947-37,1,1,Aacc251
243,950.631.827-12,1,2,Aacc251
244,935.741.260-34,1,2,Aacc251
245,927.086.435-92,1,2,Aacc251
246,609.537.824-92,1,2,Aacc251
247,562.710.489-94,1,2,Aacc251
248,528.147.036-17,1,2,Aacc251
249,396.048.527-10,1,2,Aacc251
250,346.758.012-26,1,2,Aacc251
251,270.691.548-01,1,2,Aacc251
252,260.518.493-51,1,2,Aacc251
253,247.016.983-69,1,2,Aacc251
254,017.845.629-20,1,2,Aacc251
86361,918.630.725-86,5,1,Aaee682
86362,897.154.230-60,5,1,Aaee682
86363,896.730.521-40,5,1,Aaee682
86364,893.605.721-95,5,1,Aaee682
86365,820.974.536-00,5,1,Aaee682
86366,815.493.762-09,5,1,Aaee682
86367,809.341.526-24,5,1,Aaee682
86368,796.502.381-40,5,1,Aaee682
86369,791.453.280-05,5,1,Aaee682
86370,760.198.342-04,5,1,Aaee682
86371,630.849.715-01,5,1,Aaee682
86372,621.985.037-86,5,1,Aaee682
86373,617.593.042-80,5,1,Aaee682
86374,610.938.452-60,5,1,Aaee682
86375,598.406.312-33,5,1,Aaee682
86376,564.109.378-57,5,1,Aaee682
86377,495.017.823-79,5,1,Aaee682
86378,451.609.827-01,5,1,Aaee682
86379,385.714.690-75,5,1,Aaee682
86380,159.760.234-52,5,1,Aaee682
86381,126.390.758-02,5,1,Aaee682
86382,052.946.371-70,5,1,Aaee682
86383,042.986.153-24,5,1,Aaee682
86384,954.703.186-48,5,2,Aaee682
86385,817.936.024-50,5,2,Aaee682
86386,762.135.094-61,5,2,Aaee682
86387,72.386.450-92,5,2,Aaee682
86388,598.371.026-59,5,2,Aaee682
86389,528.364.970-92,5,2,Aaee682
86390,403.217.985-97,5,2,Aaee682
86391,360.985.421-98,5,2,Aaee682
86392,207.985.413-50,5,2,Aaee682
86393,203.496.781-03,5,2,Aaee682
86394,198.465.327-09,5,2,Aaee682
86395,158.749.320-97,5,2,Aaee682
86396,841.923.067-78,4,1,Aaee682
86397,726.801.935-12,4,1,Aaee682
86398,697.180.342-69,4,1,Aaee682
86399,573.429.601-52,4,1,Aaee682
86400,531.048.697-66,4,1,Aaee682
86401,297.140.658-01,4,1,Aaee682
86402,210.839.574-14,4,1,Aaee682
86403,045.618.792-85,4,1,Aaee682
86404,831.927.546-64,4,2,Aaee682
86405,751.032.986-86,4,2,Aaee682
86406,643.071.852-26,4,2,Aaee682
86407,587.409.362-10,4,2,Aaee682
86408,492.601.587-02,4,2,Aaee682
86409,293.417.680-04,4,2,Aaee682
86410,935.826.147-19,3,1,Aaee682
86411,917.324.856-82,3,1,Aaee682
86412,872.013.469-03,3,1,Aaee682
86413,826.793.501-03,3,1,Aaee682
86414,764.310.259-70,3,1,Aaee682
86415,753.840.219-50,3,1,Aaee682
86416,736.980.521-21,3,1,Aaee682
86417,691.725.034-16,3,1,Aaee682
86418,630.142.958-33,3,1,Aaee682
86419,580.317.462-90,3,1,Aaee682
86420,542.309.167-52,3,1,Aaee682
86421,538.926.071-68,3,1,Aaee682
86422,473.629.158-37,3,1,Aaee682
86423,436.051.897-84,3,1,Aaee682
86424,276.518.309-03,3,1,Aaee682
86425,258.174.036-17,3,1,Aaee682
86426,182.645.079-30,3,1,Aaee682
86427,138.072.695-68,3,1,Aaee682
86428,019.675.248-58,3,1,Aaee682
86429,940.261.537-70,3,2,Aaee682
86430,918.562.370-95,3,2,Aaee682
86431,834.761.059-20,3,2,Aaee682
86432,815.423.096-89,3,2,Aaee682
86433,735.480.126-71,3,2,Aaee682
86434,680.293.471-03,3,2,Aaee682
86435,546.301.879-01,3,2,Aaee682
86436,518.907.236-30,3,2,Aaee682
86437,478.926.513-73,3,2,Aaee682
86438,472.103.685-07,3,2,Aaee682
86439,365.891.720-21,3,2,Aaee682
86440,217.065.893-95,3,2,Aaee682
86441,109.358.264-24,3,2,Aaee682
86442,946.572.380-00,2,1,Aaee682
86443,791.035.862-86,2,1,Aaee682
86444,695.127.034-16,2,1,Aaee682
86445,658.730.214-90,2,1,Aaee682
86446,582.917.340-97,2,1,Aaee682
86447,571.890.324-79,2,1,Aaee682
86448,549.072.318-14,2,1,Aaee682
86449,486.932.751-19,2,1,Aaee682
86450,479.516.830-00,2,1,Aaee682
86451,452.037.891-50,2,1,Aaee682
86452,438.059.176-00,2,1,Aaee682
86453,429.763.508-92,2,1,Aaee682
86454,364.805.971-84,2,1,Aaee682
86455,273.409.518-14,2,1,Aaee682
86456,920.164.738-78,2,2,Aaee682
86457,725.369.401-52,2,2,Aaee682
86458,704.918.362-87,2,2,Aaee682
86459,672.305.189-03,2,2,Aaee682
86460,564.970.813-48,2,2,Aaee682
86461,246.719.538-46,2,2,Aaee682
86462,180.967.532-40,2,2,Aaee682
86463,139.285.670-12,2,2,Aaee682
86464,071.683.542-80,2,2,Aaee682
86465,057.162.493-61,2,2,Aaee682
86466,042.863.917-87,2,2,Aaee682
86467,705.289.346-00,1,1,Aaee682
86468,632.150.489-06,1,1,Aaee682
86469,574.698.210-58,1,1,Aaee682
86470,516.327.049-43,1,1,Aaee682
86471,470.268.351-90,1,1,Aaee682
86472,413.879.265-19,1,1,Aaee682
86473,375.246.189-64,1,1,Aaee682
86474,306.784.259-65,1,1,Aaee682
86475,231.568.947-37,1,1,Aaee682
86476,950.631.827-12,1,2,Aaee682
86477,935.741.260-34,1,2,Aaee682
86478,927.086.435-92,1,2,Aaee682
86479,609.537.824-92,1,2,Aaee682
86480,562.710.489-94,1,2,Aaee682
86481,528.147.036-17,1,2,Aaee682
86482,396.048.527-10,1,2,Aaee682
86483,346.758.012-26,1,2,Aaee682
86484,270.691.548-01,1,2,Aaee682
86485,260.518.493-51,1,2,Aaee682
86486,247.016.983-69,1,2,Aaee682
86487,017.845.629-20,1,2,Aaee682
86488,918.630.725-86,5,1,AaF2299
86489,897.154.230-60,5,1,AaF2299
86490,896.730.521-40,5,1,AaF2299
86491,893.605.721-95,5,1,AaF2299
86492,820.974.536-00,5,1,AaF2299
86493,815.493.762-09,5,1,AaF2299
86494,809.341.526-24,5,1,AaF2299
86495,796.502.381-40,5,1,AaF2299
86496,791.453.280-05,5,1,AaF2299
86497,760.198.342-04,5,1,AaF2299
86498,630.849.715-01,5,1,AaF2299
86499,621.985.037-86,5,1,AaF2299
86500,617.593.042-80,5,1,AaF2299
86501,610.938.452-60,5,1,AaF2299
86502,598.406.312-33,5,1,AaF2299
86503,564.109.378-57,5,1,AaF2299
86504,495.017.823-79,5,1,AaF2299
86505,451.609.827-01,5,1,AaF2299
86506,385.714.690-75,5,1,AaF2299
86507,159.760.234-52,5,1,AaF2299
86508,126.390.758-02,5,1,AaF2299
86509,052.946.371-70,5,1,AaF2299
86510,042.986.153-24,5,1,AaF2299
86511,954.703.186-48,5,2,AaF2299
86512,817.936.024-50,5,2,AaF2299
86513,762.135.094-61,5,2,AaF2299
86514,72.386.450-92,5,2,AaF2299
86515,598.371.026-59,5,2,AaF2299
86516,528.364.970-92,5,2,AaF2299
86517,403.217.985-97,5,2,AaF2299
86518,360.985.421-98,5,2,AaF2299
86519,207.985.413-50,5,2,AaF2299
86520,203.496.781-03,5,2,AaF2299
86521,198.465.327-09,5,2,AaF2299
86522,158.749.320-97,5,2,AaF2299
86523,841.923.067-78,4,1,AaF2299
86524,726.801.935-12,4,1,AaF2299
86525,697.180.342-69,4,1,AaF2299
86526,573.429.601-52,4,1,AaF2299
86527,531.048.697-66,4,1,AaF2299
86528,297.140.658-01,4,1,AaF2299
86529,210.839.574-14,4,1,AaF2299
86530,045.618.792-85,4,1,AaF2299
86531,831.927.546-64,4,2,AaF2299
86532,751.032.986-86,4,2,AaF2299
86533,643.071.852-26,4,2,AaF2299
86534,587.409.362-10,4,2,AaF2299
86535,492.601.587-02,4,2,AaF2299
86536,293.417.680-04,4,2,AaF2299
86537,935.826.147-19,3,1,AaF2299
86538,917.324.856-82,3,1,AaF2299
86539,872.013.469-03,3,1,AaF2299
86540,826.793.501-03,3,1,AaF2299
86541,764.310.259-70,3,1,AaF2299
86542,753.840.219-50,3,1,AaF2299
86543,736.980.521-21,3,1,AaF2299
86544,691.725.034-16,3,1,AaF2299
86545,630.142.958-33,3,1,AaF2299
86546,580.317.462-90,3,1,AaF2299
86547,542.309.167-52,3,1,AaF2299
86548,538.926.071-68,3,1,AaF2299
86549,473.629.158-37,3,1,AaF2299
86550,436.051.897-84,3,1,AaF2299
86551,276.518.309-03,3,1,AaF2299
86552,258.174.036-17,3,1,AaF2299
86553,182.645.079-30,3,1,AaF2299
86554,138.072.695-68,3,1,AaF2299
86555,019.675.248-58,3,1,AaF2299
86556,940.261.537-70,3,2,AaF2299
86557,918.562.370-95,3,2,AaF2299
86558,834.761.059-20,3,2,AaF2299
86559,815.423.096-89,3,2,AaF2299
86560,735.480.126-71,3,2,AaF2299
86561,680.293.471-03,3,2,AaF2299
86562,546.301.879-01,3,2,AaF2299
86563,518.907.236-30,3,2,AaF2299
86564,478.926.513-73,3,2,AaF2299
86565,472.103.685-07,3,2,AaF2299
86566,365.891.720-21,3,2,AaF2299
86567,217.065.893-95,3,2,AaF2299
86568,109.358.264-24,3,2,AaF2299
86569,946.572.380-00,2,1,AaF2299
86570,791.035.862-86,2,1,AaF2299
86571,695.127.034-16,2,1,AaF2299
86572,658.730.214-90,2,1,AaF2299
86573,582.917.340-97,2,1,AaF2299
86574,571.890.324-79,2,1,AaF2299
86575,549.072.318-14,2,1,AaF2299
86576,486.932.751-19,2,1,AaF2299
86577,479.516.830-00,2,1,AaF2299
86578,452.037.891-50,2,1,AaF2299
86579,438.059.176-00,2,1,AaF2299
86580,429.763.508-92,2,1,AaF2299
86581,364.805.971-84,2,1,AaF2299
86582,273.409.518-14,2,1,AaF2299
86583,920.164.738-78,2,2,AaF2299
86584,725.369.401-52,2,2,AaF2299
86585,704.918.362-87,2,2,AaF2299
86586,672.305.189-03,2,2,AaF2299
86587,564.970.813-48,2,2,AaF2299
86588,246.719.538-46,2,2,AaF2299
86589,180.967.532-40,2,2,AaF2299
86590,139.285.670-12,2,2,AaF2299
86591,071.683.542-80,2,2,AaF2299
86592,057.162.493-61,2,2,AaF2299
86593,042.863.917-87,2,2,AaF2299
86594,705.289.346-00,1,1,AaF2299
86595,632.150.489-06,1,1,AaF2299
86596,574.698.210-58,1,1,AaF2299
86597,516.327.049-43,1,1,AaF2299
86598,470.268.351-90,1,1,AaF2299
86599,413.879.265-19,1,1,AaF2299
86600,375.246.189-64,1,1,AaF2299
86601,306.784.259-65,1,1,AaF2299
86602,231.568.947-37,1,1,AaF2299
86603,950.631.827-12,1,2,AaF2299
86604,935.741.260-34,1,2,AaF2299
86605,927.086.435-92,1,2,AaF2299
86606,609.537.824-92,1,2,AaF2299
86607,562.710.489-94,1,2,AaF2299
86608,528.147.036-17,1,2,AaF2299
86609,396.048.527-10,1,2,AaF2299
86610,346.758.012-26,1,2,AaF2299
86611,270.691.548-01,1,2,AaF2299
86612,260.518.493-51,1,2,AaF2299
86613,247.016.983-69,1,2,AaF2299
86614,017.845.629-20,1,2,AaF2299
42419,918.630.725-86,5,1,Aaff1561
42420,897.154.230-60,5,1,Aaff1561
42421,896.730.521-40,5,1,Aaff1561
42422,893.605.721-95,5,1,Aaff1561
42423,820.974.536-00,5,1,Aaff1561
42424,815.493.762-09,5,1,Aaff1561
42425,809.341.526-24,5,1,Aaff1561
42426,796.502.381-40,5,1,Aaff1561
42427,791.453.280-05,5,1,Aaff1561
42428,760.198.342-04,5,1,Aaff1561
42429,630.849.715-01,5,1,Aaff1561
42430,621.985.037-86,5,1,Aaff1561
42431,617.593.042-80,5,1,Aaff1561
42432,610.938.452-60,5,1,Aaff1561
42433,598.406.312-33,5,1,Aaff1561
42434,564.109.378-57,5,1,Aaff1561
42435,495.017.823-79,5,1,Aaff1561
42436,451.609.827-01,5,1,Aaff1561
42437,385.714.690-75,5,1,Aaff1561
42438,159.760.234-52,5,1,Aaff1561
42439,126.390.758-02,5,1,Aaff1561
42440,052.946.371-70,5,1,Aaff1561
42441,042.986.153-24,5,1,Aaff1561
42442,954.703.186-48,5,2,Aaff1561
42443,817.936.024-50,5,2,Aaff1561
42444,762.135.094-61,5,2,Aaff1561
42445,72.386.450-92,5,2,Aaff1561
42446,598.371.026-59,5,2,Aaff1561
42447,528.364.970-92,5,2,Aaff1561
42448,403.217.985-97,5,2,Aaff1561
42449,360.985.421-98,5,2,Aaff1561
42450,207.985.413-50,5,2,Aaff1561
42451,203.496.781-03,5,2,Aaff1561
42452,198.465.327-09,5,2,Aaff1561
42453,158.749.320-97,5,2,Aaff1561
42454,841.923.067-78,4,1,Aaff1561
42455,726.801.935-12,4,1,Aaff1561
42456,697.180.342-69,4,1,Aaff1561
42457,573.429.601-52,4,1,Aaff1561
42458,531.048.697-66,4,1,Aaff1561
42459,297.140.658-01,4,1,Aaff1561
42460,210.839.574-14,4,1,Aaff1561
42461,045.618.792-85,4,1,Aaff1561
42462,831.927.546-64,4,2,Aaff1561
42463,751.032.986-86,4,2,Aaff1561
42464,643.071.852-26,4,2,Aaff1561
42465,587.409.362-10,4,2,Aaff1561
42466,492.601.587-02,4,2,Aaff1561
42467,293.417.680-04,4,2,Aaff1561
42468,935.826.147-19,3,1,Aaff1561
42469,917.324.856-82,3,1,Aaff1561
42470,872.013.469-03,3,1,Aaff1561
42471,826.793.501-03,3,1,Aaff1561
42472,764.310.259-70,3,1,Aaff1561
42473,753.840.219-50,3,1,Aaff1561
42474,736.980.521-21,3,1,Aaff1561
42475,691.725.034-16,3,1,Aaff1561
42476,630.142.958-33,3,1,Aaff1561
42477,580.317.462-90,3,1,Aaff1561
42478,542.309.167-52,3,1,Aaff1561
42479,538.926.071-68,3,1,Aaff1561
42480,473.629.158-37,3,1,Aaff1561
42481,436.051.897-84,3,1,Aaff1561
42482,276.518.309-03,3,1,Aaff1561
42483,258.174.036-17,3,1,Aaff1561
42484,182.645.079-30,3,1,Aaff1561
42485,138.072.695-68,3,1,Aaff1561
42486,019.675.248-58,3,1,Aaff1561
42487,940.261.537-70,3,2,Aaff1561
42488,918.562.370-95,3,2,Aaff1561
42489,834.761.059-20,3,2,Aaff1561
42490,815.423.096-89,3,2,Aaff1561
42491,735.480.126-71,3,2,Aaff1561
42492,680.293.471-03,3,2,Aaff1561
42493,546.301.879-01,3,2,Aaff1561
42494,518.907.236-30,3,2,Aaff1561
42495,478.926.513-73,3,2,Aaff1561
42496,472.103.685-07,3,2,Aaff1561
42497,365.891.720-21,3,2,Aaff1561
42498,217.065.893-95,3,2,Aaff1561
42499,109.358.264-24,3,2,Aaff1561
42500,946.572.380-00,2,1,Aaff1561
42501,791.035.862-86,2,1,Aaff1561
42502,695.127.034-16,2,1,Aaff1561
42503,658.730.214-90,2,1,Aaff1561
42504,582.917.340-97,2,1,Aaff1561
42505,571.890.324-79,2,1,Aaff1561
42506,549.072.318-14,2,1,Aaff1561
42507,486.932.751-19,2,1,Aaff1561
42508,479.516.830-00,2,1,Aaff1561
42509,452.037.891-50,2,1,Aaff1561
42510,438.059.176-00,2,1,Aaff1561
42511,429.763.508-92,2,1,Aaff1561
42512,364.805.971-84,2,1,Aaff1561
42513,273.409.518-14,2,1,Aaff1561
42514,920.164.738-78,2,2,Aaff1561
42515,725.369.401-52,2,2,Aaff1561
42516,704.918.362-87,2,2,Aaff1561
42517,672.305.189-03,2,2,Aaff1561
42518,564.970.813-48,2,2,Aaff1561
42519,246.719.538-46,2,2,Aaff1561
42520,180.967.532-40,2,2,Aaff1561
42521,139.285.670-12,2,2,Aaff1561
42522,071.683.542-80,2,2,Aaff1561
42523,057.162.493-61,2,2,Aaff1561
42524,042.863.917-87,2,2,Aaff1561
42525,705.289.346-00,1,1,Aaff1561
42526,632.150.489-06,1,1,Aaff1561
42527,574.698.210-58,1,1,Aaff1561
42528,516.327.049-43,1,1,Aaff1561
42529,470.268.351-90,1,1,Aaff1561
